2019/08/01 01:00,0,18
2019/08/01 01:15,14,19
2019/08/01 01:30,5,0
2019/08/01 01:45,16,18
2019/08/01 02:00,23,23
2019/08/01 02:15,37,30
2019/08/01 02:30,29,39
2019/08/01 02:45,31,36
2019/08/01 03:00,50,58
2019/08/01 03:15,59,48
2019/08/01 03:30,57,50
2019/08/01 03:45,43,40
2019/08/01 04:00,68,79
2019/08/01 04:15,69,60
2019/08/01 04:30,69,60
2019/08/01 04:45,68,72
2019/08/01 05:00,91,87
2019/08/01 05:15,98,85
2019/08/01 05:30,86,86
2019/08/01 05:45,91,98
2019/08/01 06:00,107,112
2019/08/01 06:15,116,113
2019/08/01 06:30,109,106
2019/08/01 06:45,104,112
2019/08/01 07:00,135,124
2019/08/01 07:15,135,125
2019/08/01 07:30,134,129
2019/08/01 07:45,123,137
2019/08/01 08:00,144,149
2019/08/01 08:15,159,156
2019/08/01 08:30,144,157
2019/08/01 08:45,157,149
2019/08/01 09:00,161,165
2019/08/01 09:15,161,169
2019/08/01 09:30,179,164
2019/08/01 09:45,167,162
2019/08/01 10:00,199,184
2019/08/01 10:15,189,197
2019/08/01 10:30,190,182
2019/08/01 10:45,182,189
2019/08/01 11:00,214,204
2019/08/01 11:15,205,202
2019/08/01 11:30,202,201
2019/08/01 11:45,218,206
2019/08/01 12:00,222,231
2019/08/01 12:15,225,228
2019/08/01 12:30,238,236
2019/08/01 12:45,235,238
2019/08/01 13:00,205,214
2019/08/01 13:15,202,206
2019/08/01 13:30,215,211
2019/08/01 13:45,219,215
2019/08/01 14:00,188,197
2019/08/01 14:15,191,194
2019/08/01 14:30,182,188
2019/08/01 14:45,184,189
2019/08/01 15:00,174,162
2019/08/01 15:15,176,174
2019/08/01 15:30,163,172
2019/08/01 15:45,172,161
2019/08/01 16:00,152,153
2019/08/01 16:15,150,157
2019/08/01 16:30,154,143
2019/08/01 16:45,146,149
2019/08/01 17:00,126,126
2019/08/01 17:15,139,126
2019/08/01 17:30,132,133
2019/08/01 17:45,139,138
2019/08/01 18:00,116,107
2019/08/01 18:15,111,115
2019/08/01 18:30,100,115
2019/08/01 18:45,100,109
2019/08/01 19:00,87,84
2019/08/01 19:15,92,95
2019/08/01 19:30,96,87
2019/08/01 19:45,91,89
2019/08/01 20:00,68,61
2019/08/01 20:15,73,66
2019/08/01 20:30,76,72
2019/08/01 20:45,76,65
2019/08/01 21:00,55,58
2019/08/01 21:15,44,49
2019/08/01 21:30,51,54
2019/08/01 21:45,41,55
2019/08/01 22:00,23,38
2019/08/01 22:15,27,31
2019/08/01 22:30,30,30
2019/08/01 22:45,30,32
2019/08/01 23:00,12,17
2019/08/01 23:15,7,7
2019/08/01 23:30,8,5
2019/08/01 23:45,4,4
2019/08/02 01:00,9,19
2019/08/02 01:15,9,9
2019/08/02 01:30,3,9
2019/08/02 01:45,2,11
2019/08/02 02:00,23,26
2019/08/02 02:15,26,24
2019/08/02 02:30,33,39
2019/08/02 02:45,22,38
2019/08/02 03:00,50,48
2019/08/02 03:15,40,57
2019/08/02 03:30,53,55
2019/08/02 03:45,42,55
2019/08/02 04:00,70,75
2019/08/02 04:15,67,60
2019/08/02 04:30,76,62
2019/08/02 04:45,79,69
2019/08/02 05:00,97,82
2019/08/02 05:15,84,82
2019/08/02 05:30,83,86
2019/08/02 05:45,87,90
2019/08/02 06:00,112,101
2019/08/02 06:15,115,116
2019/08/02 06:30,111,118
2019/08/02 06:45,105,119
2019/08/02 07:00,136,132
2019/08/02 07:15,123,137
2019/08/02 07:30,130,120
2019/08/02 07:45,136,130
2019/08/02 08:00,141,155
2019/08/02 08:15,146,149
2019/08/02 08:30,157,157
2019/08/02 08:45,149,150
2019/08/02 09:00,175,163
2019/08/02 09:15,168,165
2019/08/02 09:30,176,174
2019/08/02 09:45,176,174
2019/08/02 10:00,188,188
2019/08/02 10:15,182,196
2019/08/02 10:30,184,186
2019/08/02 10:45,181,198
2019/08/02 11:00,216,209
2019/08/02 11:15,203,207
2019/08/02 11:30,203,216
2019/08/02 11:45,201,207
2019/08/02 12:00,226,233
2019/08/02 12:15,238,227
2019/08/02 12:30,237,228
2019/08/02 12:45,232,233
2019/08/02 13:00,202,215
2019/08/02 13:15,202,217
2019/08/02 13:30,208,201
2019/08/02 13:45,212,213
2019/08/02 14:00,182,193
2019/08/02 14:15,183,183
2019/08/02 14:30,185,195
2019/08/02 14:45,188,192
2019/08/02 15:00,179,178
2019/08/02 15:15,161,163
2019/08/02 15:30,163,176
2019/08/02 15:45,167,166
2019/08/02 16:00,144,151
2019/08/02 16:15,156,140
2019/08/02 16:30,143,154
2019/08/02 16:45,157,149
2019/08/02 17:00,135,136
2019/08/02 17:15,133,120
2019/08/02 17:30,138,138
2019/08/02 17:45,133,128
2019/08/02 18:00,116,104
2019/08/02 18:15,112,109
2019/08/02 18:30,108,107
2019/08/02 18:45,101,106
2019/08/02 19:00,87,82
2019/08/02 19:15,90,93
2019/08/02 19:30,97,93
2019/08/02 19:45,89,92
2019/08/02 20:00,67,71
2019/08/02 20:15,69,65
2019/08/02 20:30,60,69
2019/08/02 20:45,79,75
2019/08/02 21:00,46,49
2019/08/02 21:15,50,50
2019/08/02 21:30,43,45
2019/08/02 21:45,49,43
2019/08/02 22:00,28,39
2019/08/02 22:15,25,38
2019/08/02 22:30,39,24
2019/08/02 22:45,26,36
2019/08/02 23:00,17,9
2019/08/02 23:15,9,14
2019/08/02 23:30,10,6
2019/08/02 23:45,9,12
2019/08/03 01:00,1,9
2019/08/03 01:15,13,16
2019/08/03 01:30,4,13
2019/08/03 01:45,1,2
2019/08/03 02:00,34,33
2019/08/03 02:15,23,21
2019/08/03 02:30,32,36
2019/08/03 02:45,22,23
2019/08/03 03:00,40,42
2019/08/03 03:15,55,50
2019/08/03 03:30,49,43
2019/08/03 03:45,57,54
2019/08/03 04:00,73,60
2019/08/03 04:15,68,78
2019/08/03 04:30,65,60
2019/08/03 04:45,66,64
2019/08/03 05:00,80,93
2019/08/03 05:15,96,99
2019/08/03 05:30,84,99
2019/08/03 05:45,80,98
2019/08/03 06:00,112,107
2019/08/03 06:15,106,116
2019/08/03 06:30,104,113
2019/08/03 06:45,109,116
2019/08/03 07:00,131,122
2019/08/03 07:15,133,134
2019/08/03 07:30,135,121
2019/08/03 07:45,125,139
2019/08/03 08:00,145,155
2019/08/03 08:15,144,149
2019/08/03 08:30,153,149
2019/08/03 08:45,154,143
2019/08/03 09:00,175,162
2019/08/03 09:15,175,163
2019/08/03 09:30,168,174
2019/08/03 09:45,172,162
2019/08/03 10:00,187,186
2019/08/03 10:15,197,180
2019/08/03 10:30,197,184
2019/08/03 10:45,187,191
2019/08/03 11:00,210,213
2019/08/03 11:15,200,208
2019/08/03 11:30,215,216
2019/08/03 11:45,214,206
2019/08/03 12:00,232,222
2019/08/03 12:15,221,231
2019/08/03 12:30,220,221
2019/08/03 12:45,226,238
2019/08/03 13:00,218,202
2019/08/03 13:15,200,210
2019/08/03 13:30,218,201
2019/08/03 13:45,212,219
2019/08/03 14:00,193,194
2019/08/03 14:15,192,186
2019/08/03 14:30,181,194
2019/08/03 14:45,199,189
2019/08/03 15:00,170,174
2019/08/03 15:15,162,160
2019/08/03 15:30,163,164
2019/08/03 15:45,170,176
2019/08/03 16:00,158,159
2019/08/03 16:15,151,140
2019/08/03 16:30,142,155
2019/08/03 16:45,151,152
2019/08/03 17:00,121,121
2019/08/03 17:15,131,120
2019/08/03 17:30,135,132
2019/08/03 17:45,132,124
2019/08/03 18:00,119,104
2019/08/03 18:15,107,107
2019/08/03 18:30,110,118
2019/08/03 18:45,103,117
2019/08/03 19:00,84,81
2019/08/03 19:15,93,87
2019/08/03 19:30,97,83
2019/08/03 19:45,95,89
2019/08/03 20:00,66,66
2019/08/03 20:15,70,64
2019/08/03 20:30,67,72
2019/08/03 20:45,79,69
2019/08/03 21:00,46,49
2019/08/03 21:15,47,52
2019/08/03 21:30,44,49
2019/08/03 21:45,54,45
2019/08/03 22:00,39,39
2019/08/03 22:15,26,23
2019/08/03 22:30,38,36
2019/08/03 22:45,26,27
2019/08/03 23:00,9,9
2019/08/03 23:15,10,3
2019/08/03 23:30,18,13
2019/08/03 23:45,0,15
2019/08/04 01:00,12,7
2019/08/04 01:15,0,3
2019/08/04 01:30,17,13
2019/08/04 01:45,16,8
2019/08/04 02:00,26,26
2019/08/04 02:15,31,24
2019/08/04 02:30,20,34
2019/08/04 02:45,38,39
2019/08/04 03:00,55,57
2019/08/04 03:15,50,54
2019/08/04 03:30,59,52
2019/08/04 03:45,44,53
2019/08/04 04:00,60,63
2019/08/04 04:15,74,62
2019/08/04 04:30,77,79
2019/08/04 04:45,74,67
2019/08/04 05:00,97,93
2019/08/04 05:15,97,92
2019/08/04 05:30,94,96
2019/08/04 05:45,81,90
2019/08/04 06:00,114,118
2019/08/04 06:15,116,113
2019/08/04 06:30,107,103
2019/08/04 06:45,116,105
2019/08/04 07:00,134,139
2019/08/04 07:15,126,122
2019/08/04 07:30,128,121
2019/08/04 07:45,129,127
2019/08/04 08:00,147,148
2019/08/04 08:15,155,151
2019/08/04 08:30,155,155
2019/08/04 08:45,159,147
2019/08/04 09:00,163,168
2019/08/04 09:15,163,166
2019/08/04 09:30,177,174
2019/08/04 09:45,168,163
2019/08/04 10:00,199,195
2019/08/04 10:15,185,191
2019/08/04 10:30,182,181
2019/08/04 10:45,191,181
2019/08/04 11:00,210,216
2019/08/04 11:15,217,207
2019/08/04 11:30,212,210
2019/08/04 11:45,212,205
2019/08/04 12:00,225,236
2019/08/04 12:15,231,232
2019/08/04 12:30,237,224
2019/08/04 12:45,222,234
2019/08/04 13:00,216,216
2019/08/04 13:15,202,215
2019/08/04 13:30,201,209
2019/08/04 13:45,212,203
2019/08/04 14:00,190,183
2019/08/04 14:15,197,194
2019/08/04 14:30,181,187
2019/08/04 14:45,197,185
2019/08/04 15:00,166,174
2019/08/04 15:15,160,175
2019/08/04 15:30,170,174
2019/08/04 15:45,179,163
2019/08/04 16:00,151,145
2019/08/04 16:15,151,147
2019/08/04 16:30,149,144
2019/08/04 16:45,158,159
2019/08/04 17:00,125,120
2019/08/04 17:15,134,134
2019/08/04 17:30,120,121
2019/08/04 17:45,139,126
2019/08/04 18:00,102,118
2019/08/04 18:15,116,117
2019/08/04 18:30,113,115
2019/08/04 18:45,119,104
2019/08/04 19:00,93,95
2019/08/04 19:15,98,98
2019/08/04 19:30,93,93
2019/08/04 19:45,93,81
2019/08/04 20:00,68,71
2019/08/04 20:15,62,62
2019/08/04 20:30,63,77
2019/08/04 20:45,64,78
2019/08/04 21:00,44,53
2019/08/04 21:15,52,59
2019/08/04 21:30,51,48
2019/08/04 21:45,40,48
2019/08/04 22:00,32,23
2019/08/04 22:15,21,33
2019/08/04 22:30,34,21
2019/08/04 22:45,39,38
2019/08/04 23:00,19,3
2019/08/04 23:15,1,9
2019/08/04 23:30,14,7
2019/08/04 23:45,7,8
2019/08/05 01:00,2,4
2019/08/05 01:15,10,16
2019/08/05 01:30,18,13
2019/08/05 01:45,5,13
2019/08/05 02:00,29,20
2019/08/05 02:15,30,25
2019/08/05 02:30,34,33
2019/08/05 02:45,21,37
2019/08/05 03:00,48,41
2019/08/05 03:15,46,55
2019/08/05 03:30,54,53
2019/08/05 03:45,51,40
2019/08/05 04:00,64,72
2019/08/05 04:15,63,61
2019/08/05 04:30,78,77
2019/08/05 04:45,70,64
2019/08/05 05:00,83,82
2019/08/05 05:15,90,97
2019/08/05 05:30,85,84
2019/08/05 05:45,86,85
2019/08/05 06:00,105,118
2019/08/05 06:15,113,105
2019/08/05 06:30,115,104
2019/08/05 06:45,102,118
2019/08/05 07:00,121,120
2019/08/05 07:15,136,125
2019/08/05 07:30,130,123
2019/08/05 07:45,131,122
2019/08/05 08:00,145,151
2019/08/05 08:15,159,158
2019/08/05 08:30,159,155
2019/08/05 08:45,140,152
2019/08/05 09:00,160,160
2019/08/05 09:15,179,166
2019/08/05 09:30,166,162
2019/08/05 09:45,161,175
2019/08/05 10:00,192,185
2019/08/05 10:15,196,190
2019/08/05 10:30,184,187
2019/08/05 10:45,192,199
2019/08/05 11:00,217,205
2019/08/05 11:15,200,217
2019/08/05 11:30,207,212
2019/08/05 11:45,210,217
2019/08/05 12:00,238,236
2019/08/05 12:15,228,224
2019/08/05 12:30,222,239
2019/08/05 12:45,235,233
2019/08/05 13:00,213,206
2019/08/05 13:15,214,217
2019/08/05 13:30,215,210
2019/08/05 13:45,212,213
2019/08/05 14:00,184,184
2019/08/05 14:15,181,186
2019/08/05 14:30,188,199
2019/08/05 14:45,184,199
2019/08/05 15:00,172,167
2019/08/05 15:15,176,165
2019/08/05 15:30,169,172
2019/08/05 15:45,177,172
2019/08/05 16:00,147,154
2019/08/05 16:15,146,149
2019/08/05 16:30,158,144
2019/08/05 16:45,154,142
2019/08/05 17:00,136,126
2019/08/05 17:15,121,128
2019/08/05 17:30,134,122
2019/08/05 17:45,138,130
2019/08/05 18:00,113,101
2019/08/05 18:15,102,106
2019/08/05 18:30,116,107
2019/08/05 18:45,115,113
2019/08/05 19:00,89,89
2019/08/05 19:15,91,83
2019/08/05 19:30,99,91
2019/08/05 19:45,80,90
2019/08/05 20:00,74,63
2019/08/05 20:15,60,77
2019/08/05 20:30,68,67
2019/08/05 20:45,68,63
2019/08/05 21:00,48,55
2019/08/05 21:15,45,40
2019/08/05 21:30,51,44
2019/08/05 21:45,47,43
2019/08/05 22:00,35,23
2019/08/05 22:15,33,26
2019/08/05 22:30,36,30
2019/08/05 22:45,28,27
2019/08/05 23:00,14,2
2019/08/05 23:15,8,14
2019/08/05 23:30,14,3
2019/08/05 23:45,10,4
2019/08/06 01:00,3,4
2019/08/06 01:15,12,6
2019/08/06 01:30,14,19
2019/08/06 01:45,12,13
2019/08/06 02:00,22,34
2019/08/06 02:15,27,37
2019/08/06 02:30,26,24
2019/08/06 02:45,38,39
2019/08/06 03:00,53,49
2019/08/06 03:15,58,43
2019/08/06 03:30,41,56
2019/08/06 03:45,50,44
2019/08/06 04:00,60,78
2019/08/06 04:15,64,78
2019/08/06 04:30,67,73
2019/08/06 04:45,66,76
2019/08/06 05:00,81,80
2019/08/06 05:15,95,94
2019/08/06 05:30,82,95
2019/08/06 05:45,99,83
2019/08/06 06:00,113,115
2019/08/06 06:15,113,107
2019/08/06 06:30,105,114
2019/08/06 06:45,107,116
2019/08/06 07:00,129,126
2019/08/06 07:15,136,120
2019/08/06 07:30,137,120
2019/08/06 07:45,133,129
2019/08/06 08:00,152,150
2019/08/06 08:15,148,147
2019/08/06 08:30,151,148
2019/08/06 08:45,146,140
2019/08/06 09:00,176,167
2019/08/06 09:15,164,160
2019/08/06 09:30,167,175
2019/08/06 09:45,167,160
2019/08/06 10:00,197,196
2019/08/06 10:15,198,199
2019/08/06 10:30,184,196
2019/08/06 10:45,186,193
2019/08/06 11:00,216,210
2019/08/06 11:15,214,204
2019/08/06 11:30,202,205
2019/08/06 11:45,211,200
2019/08/06 12:00,229,221
2019/08/06 12:15,232,229
2019/08/06 12:30,231,223
2019/08/06 12:45,226,234
2019/08/06 13:00,208,200
2019/08/06 13:15,209,200
2019/08/06 13:30,216,219
2019/08/06 13:45,205,209
2019/08/06 14:00,184,180
2019/08/06 14:15,180,183
2019/08/06 14:30,199,182
2019/08/06 14:45,180,189
2019/08/06 15:00,166,160
2019/08/06 15:15,168,175
2019/08/06 15:30,173,174
2019/08/06 15:45,178,160
2019/08/06 16:00,151,158
2019/08/06 16:15,146,154
2019/08/06 16:30,155,142
2019/08/06 16:45,158,141
2019/08/06 17:00,133,123
2019/08/06 17:15,126,129
2019/08/06 17:30,135,135
2019/08/06 17:45,128,139
2019/08/06 18:00,119,119
2019/08/06 18:15,112,105
2019/08/06 18:30,105,117
2019/08/06 18:45,109,103
2019/08/06 19:00,87,93
2019/08/06 19:15,96,99
2019/08/06 19:30,95,97
2019/08/06 19:45,82,80
2019/08/06 20:00,71,66
2019/08/06 20:15,69,66
2019/08/06 20:30,67,75
2019/08/06 20:45,71,71
2019/08/06 21:00,45,47
2019/08/06 21:15,48,47
2019/08/06 21:30,56,51
2019/08/06 21:45,53,59
2019/08/06 22:00,24,24
2019/08/06 22:15,31,20
2019/08/06 22:30,20,30
2019/08/06 22:45,35,32
2019/08/06 23:00,18,17
2019/08/06 23:15,17,0
2019/08/06 23:30,15,14
2019/08/06 23:45,7,5
2019/08/07 01:00,9,6
2019/08/07 01:15,2,12
2019/08/07 01:30,0,17
2019/08/07 01:45,4,18
2019/08/07 02:00,26,31
2019/08/07 02:15,27,28
2019/08/07 02:30,27,30
2019/08/07 02:45,39,39
2019/08/07 03:00,49,54
2019/08/07 03:15,42,46
2019/08/07 03:30,51,48
2019/08/07 03:45,42,44
2019/08/07 04:00,74,75
2019/08/07 04:15,62,72
2019/08/07 04:30,76,74
2019/08/07 04:45,64,71
2019/08/07 05:00,90,92
2019/08/07 05:15,90,84
2019/08/07 05:30,82,91
2019/08/07 05:45,80,89
2019/08/07 06:00,104,109
2019/08/07 06:15,105,104
2019/08/07 06:30,104,110
2019/08/07 06:45,118,111
2019/08/07 07:00,125,120
2019/08/07 07:15,128,135
2019/08/07 07:30,130,134
2019/08/07 07:45,135,130
2019/08/07 08:00,150,151
2019/08/07 08:15,144,143
2019/08/07 08:30,147,147
2019/08/07 08:45,148,141
2019/08/07 09:00,175,175
2019/08/07 09:15,172,164
2019/08/07 09:30,172,167
2019/08/07 09:45,179,168
2019/08/07 10:00,195,197
2019/08/07 10:15,191,182
2019/08/07 10:30,191,190
2019/08/07 10:45,194,188
2019/08/07 11:00,217,205
2019/08/07 11:15,218,212
2019/08/07 11:30,213,211
2019/08/07 11:45,210,211
2019/08/07 12:00,227,224
2019/08/07 12:15,223,237
2019/08/07 12:30,231,230
2019/08/07 12:45,232,238
2019/08/07 13:00,210,209
2019/08/07 13:15,209,213
2019/08/07 13:30,203,200
2019/08/07 13:45,219,206
2019/08/07 14:00,192,187
2019/08/07 14:15,198,195
2019/08/07 14:30,187,188
2019/08/07 14:45,193,182
2019/08/07 15:00,167,177
2019/08/07 15:15,166,176
2019/08/07 15:30,179,179
2019/08/07 15:45,178,168
2019/08/07 16:00,158,158
2019/08/07 16:15,153,158
2019/08/07 16:30,158,147
2019/08/07 16:45,146,150
2019/08/07 17:00,130,137
2019/08/07 17:15,132,124
2019/08/07 17:30,130,135
2019/08/07 17:45,125,122
2019/08/07 18:00,112,112
2019/08/07 18:15,116,117
2019/08/07 18:30,110,100
2019/08/07 18:45,109,111
2019/08/07 19:00,94,81
2019/08/07 19:15,96,98
2019/08/07 19:30,87,80
2019/08/07 19:45,87,93
2019/08/07 20:00,69,61
2019/08/07 20:15,65,77
2019/08/07 20:30,64,61
2019/08/07 20:45,65,77
2019/08/07 21:00,51,51
2019/08/07 21:15,48,46
2019/08/07 21:30,53,50
2019/08/07 21:45,59,48
2019/08/07 22:00,28,20
2019/08/07 22:15,23,36
2019/08/07 22:30,34,33
2019/08/07 22:45,20,21
2019/08/07 23:00,19,7
2019/08/07 23:15,11,9
2019/08/07 23:30,4,9
2019/08/07 23:45,0,9
2019/08/08 01:00,18,6
2019/08/08 01:15,14,19
2019/08/08 01:30,3,14
2019/08/08 01:45,6,1
2019/08/08 02:00,27,21
2019/08/08 02:15,29,21
2019/08/08 02:30,30,31
2019/08/08 02:45,34,23
2019/08/08 03:00,49,46
2019/08/08 03:15,45,43
2019/08/08 03:30,49,43
2019/08/08 03:45,56,49
2019/08/08 04:00,71,61
2019/08/08 04:15,67,66
2019/08/08 04:30,63,77
2019/08/08 04:45,66,61
2019/08/08 05:00,98,97
2019/08/08 05:15,88,93
2019/08/08 05:30,97,84
2019/08/08 05:45,82,86
2019/08/08 06:00,110,115
2019/08/08 06:15,110,112
2019/08/08 06:30,100,114
2019/08/08 06:45,115,105
2019/08/08 07:00,126,127
2019/08/08 07:15,135,121
2019/08/08 07:30,126,129
2019/08/08 07:45,124,133
2019/08/08 08:00,141,146
2019/08/08 08:15,156,143
2019/08/08 08:30,155,141
2019/08/08 08:45,154,149
2019/08/08 09:00,174,176
2019/08/08 09:15,171,175
2019/08/08 09:30,175,172
2019/08/08 09:45,179,160
2019/08/08 10:00,188,182
2019/08/08 10:15,199,197
2019/08/08 10:30,192,193
2019/08/08 10:45,188,199
2019/08/08 11:00,217,218
2019/08/08 11:15,207,201
2019/08/08 11:30,203,216
2019/08/08 11:45,208,206
2019/08/08 12:00,228,224
2019/08/08 12:15,223,234
2019/08/08 12:30,231,231
2019/08/08 12:45,229,231
2019/08/08 13:00,218,218
2019/08/08 13:15,211,203
2019/08/08 13:30,201,206
2019/08/08 13:45,200,206
2019/08/08 14:00,198,190
2019/08/08 14:15,187,198
2019/08/08 14:30,183,181
2019/08/08 14:45,186,191
2019/08/08 15:00,166,179
2019/08/08 15:15,170,166
2019/08/08 15:30,172,160
2019/08/08 15:45,179,165
2019/08/08 16:00,154,150
2019/08/08 16:15,154,154
2019/08/08 16:30,148,152
2019/08/08 16:45,148,145
2019/08/08 17:00,139,121
2019/08/08 17:15,125,135
2019/08/08 17:30,122,132
2019/08/08 17:45,130,127
2019/08/08 18:00,114,105
2019/08/08 18:15,111,106
2019/08/08 18:30,101,110
2019/08/08 18:45,106,103
2019/08/08 19:00,86,81
2019/08/08 19:15,96,89
2019/08/08 19:30,98,89
2019/08/08 19:45,94,89
2019/08/08 20:00,74,77
2019/08/08 20:15,76,72
2019/08/08 20:30,71,70
2019/08/08 20:45,70,72
2019/08/08 21:00,43,57
2019/08/08 21:15,54,59
2019/08/08 21:30,41,59
2019/08/08 21:45,58,47
2019/08/08 22:00,36,37
2019/08/08 22:15,33,21
2019/08/08 22:30,32,28
2019/08/08 22:45,24,33
2019/08/08 23:00,9,4
2019/08/08 23:15,11,14
2019/08/08 23:30,15,9
2019/08/08 23:45,18,9
2019/08/09 01:00,2,17
2019/08/09 01:15,16,11
2019/08/09 01:30,12,6
2019/08/09 01:45,16,10
2019/08/09 02:00,27,24
2019/08/09 02:15,27,38
2019/08/09 02:30,37,28
2019/08/09 02:45,24,22
2019/08/09 03:00,52,49
2019/08/09 03:15,58,40
2019/08/09 03:30,56,41
2019/08/09 03:45,44,57
2019/08/09 04:00,75,78
2019/08/09 04:15,67,68
2019/08/09 04:30,70,78
2019/08/09 04:45,75,74
2019/08/09 05:00,80,89
2019/08/09 05:15,82,81
2019/08/09 05:30,84,86
2019/08/09 05:45,85,91
2019/08/09 06:00,110,109
2019/08/09 06:15,112,115
2019/08/09 06:30,115,115
2019/08/09 06:45,116,111
2019/08/09 07:00,128,132
2019/08/09 07:15,137,132
2019/08/09 07:30,124,127
2019/08/09 07:45,128,136
2019/08/09 08:00,157,157
2019/08/09 08:15,140,158
2019/08/09 08:30,159,145
2019/08/09 08:45,154,154
2019/08/09 09:00,164,174
2019/08/09 09:15,161,171
2019/08/09 09:30,171,178
2019/08/09 09:45,174,168
2019/08/09 10:00,188,186
2019/08/09 10:15,187,185
2019/08/09 10:30,180,181
2019/08/09 10:45,185,183
2019/08/09 11:00,206,201
2019/08/09 11:15,209,203
2019/08/09 11:30,215,204
2019/08/09 11:45,212,216
2019/08/09 12:00,227,229
2019/08/09 12:15,237,224
2019/08/09 12:30,239,222
2019/08/09 12:45,237,238
2019/08/09 13:00,216,207
2019/08/09 13:15,208,211
2019/08/09 13:30,213,201
2019/08/09 13:45,209,216
2019/08/09 14:00,193,198
2019/08/09 14:15,189,197
2019/08/09 14:30,198,190
2019/08/09 14:45,192,192
2019/08/09 15:00,168,179
2019/08/09 15:15,174,169
2019/08/09 15:30,165,177
2019/08/09 15:45,161,171
2019/08/09 16:00,156,146
2019/08/09 16:15,150,146
2019/08/09 16:30,146,140
2019/08/09 16:45,151,147
2019/08/09 17:00,138,131
2019/08/09 17:15,136,134
2019/08/09 17:30,130,129
2019/08/09 17:45,121,120
2019/08/09 18:00,112,104
2019/08/09 18:15,106,109
2019/08/09 18:30,108,110
2019/08/09 18:45,110,119
2019/08/09 19:00,92,98
2019/08/09 19:15,96,92
2019/08/09 19:30,90,85
2019/08/09 19:45,90,90
2019/08/09 20:00,64,75
2019/08/09 20:15,63,61
2019/08/09 20:30,75,75
2019/08/09 20:45,69,73
2019/08/09 21:00,57,47
2019/08/09 21:15,41,56
2019/08/09 21:30,57,49
2019/08/09 21:45,44,49
2019/08/09 22:00,20,39
2019/08/09 22:15,35,33
2019/08/09 22:30,36,36
2019/08/09 22:45,34,31
2019/08/09 23:00,10,4
2019/08/09 23:15,7,16
2019/08/09 23:30,16,8
2019/08/09 23:45,8,4
2019/08/10 01:00,17,5
2019/08/10 01:15,6,2
2019/08/10 01:30,0,14
2019/08/10 01:45,11,7
2019/08/10 02:00,21,37
2019/08/10 02:15,26,39
2019/08/10 02:30,39,21
2019/08/10 02:45,34,36
2019/08/10 03:00,46,55
2019/08/10 03:15,40,42
2019/08/10 03:30,40,53
2019/08/10 03:45,47,44
2019/08/10 04:00,64,77
2019/08/10 04:15,71,79
2019/08/10 04:30,76,74
2019/08/10 04:45,66,61
2019/08/10 05:00,80,88
2019/08/10 05:15,82,87
2019/08/10 05:30,83,90
2019/08/10 05:45,99,86
2019/08/10 06:00,118,118
2019/08/10 06:15,110,103
2019/08/10 06:30,115,106
2019/08/10 06:45,100,101
2019/08/10 07:00,128,133
2019/08/10 07:15,128,126
2019/08/10 07:30,120,127
2019/08/10 07:45,131,134
2019/08/10 08:00,156,154
2019/08/10 08:15,147,156
2019/08/10 08:30,155,141
2019/08/10 08:45,147,155
2019/08/10 09:00,176,166
2019/08/10 09:15,170,166
2019/08/10 09:30,164,177
2019/08/10 09:45,168,166
2019/08/10 10:00,197,196
2019/08/10 10:15,189,186
2019/08/10 10:30,191,181
2019/08/10 10:45,192,188
2019/08/10 11:00,203,200
2019/08/10 11:15,203,200
2019/08/10 11:30,214,202
2019/08/10 11:45,213,202
2019/08/10 12:00,222,239
2019/08/10 12:15,234,233
2019/08/10 12:30,226,220
2019/08/10 12:45,230,223
2019/08/10 13:00,200,219
2019/08/10 13:15,200,216
2019/08/10 13:30,210,217
2019/08/10 13:45,201,202
2019/08/10 14:00,186,195
2019/08/10 14:15,197,186
2019/08/10 14:30,189,188
2019/08/10 14:45,183,193
2019/08/10 15:00,176,170
2019/08/10 15:15,164,164
2019/08/10 15:30,160,178
2019/08/10 15:45,175,177
2019/08/10 16:00,146,147
2019/08/10 16:15,146,140
2019/08/10 16:30,155,143
2019/08/10 16:45,145,142
2019/08/10 17:00,128,128
2019/08/10 17:15,134,121
2019/08/10 17:30,136,127
2019/08/10 17:45,121,126
2019/08/10 18:00,108,100
2019/08/10 18:15,103,100
2019/08/10 18:30,104,104
2019/08/10 18:45,103,117
2019/08/10 19:00,91,98
2019/08/10 19:15,93,92
2019/08/10 19:30,93,94
2019/08/10 19:45,95,84
2019/08/10 20:00,67,70
2019/08/10 20:15,73,63
2019/08/10 20:30,71,70
2019/08/10 20:45,71,79
2019/08/10 21:00,53,45
2019/08/10 21:15,52,43
2019/08/10 21:30,48,55
2019/08/10 21:45,50,46
2019/08/10 22:00,37,38
2019/08/10 22:15,25,32
2019/08/10 22:30,25,20
2019/08/10 22:45,28,35
2019/08/10 23:00,16,2
2019/08/10 23:15,18,13
2019/08/10 23:30,8,14
2019/08/10 23:45,7,7
2019/08/11 01:00,4,4
2019/08/11 01:15,0,9
2019/08/11 01:30,4,7
2019/08/11 01:45,18,12
2019/08/11 02:00,26,32
2019/08/11 02:15,33,27
2019/08/11 02:30,30,30
2019/08/11 02:45,21,23
2019/08/11 03:00,40,43
2019/08/11 03:15,50,48
2019/08/11 03:30,50,55
2019/08/11 03:45,45,55
2019/08/11 04:00,73,68
2019/08/11 04:15,74,78
2019/08/11 04:30,62,77
2019/08/11 04:45,74,72
2019/08/11 05:00,97,92
2019/08/11 05:15,82,88
2019/08/11 05:30,85,89
2019/08/11 05:45,98,99
2019/08/11 06:00,101,109
2019/08/11 06:15,111,117
2019/08/11 06:30,110,104
2019/08/11 06:45,108,109
2019/08/11 07:00,120,135
2019/08/11 07:15,124,135
2019/08/11 07:30,122,124
2019/08/11 07:45,120,124
2019/08/11 08:00,148,145
2019/08/11 08:15,147,145
2019/08/11 08:30,147,150
2019/08/11 08:45,152,151
2019/08/11 09:00,172,173
2019/08/11 09:15,164,164
2019/08/11 09:30,160,161
2019/08/11 09:45,164,169
2019/08/11 10:00,189,180
2019/08/11 10:15,191,196
2019/08/11 10:30,182,198
2019/08/11 10:45,188,195
2019/08/11 11:00,210,214
2019/08/11 11:15,207,206
2019/08/11 11:30,206,202
2019/08/11 11:45,216,206
2019/08/11 12:00,239,236
2019/08/11 12:15,228,239
2019/08/11 12:30,235,226
2019/08/11 12:45,232,229
2019/08/11 13:00,200,215
2019/08/11 13:15,213,207
2019/08/11 13:30,201,218
2019/08/11 13:45,214,215
2019/08/11 14:00,183,182
2019/08/11 14:15,188,196
2019/08/11 14:30,186,184
2019/08/11 14:45,198,191
2019/08/11 15:00,164,172
2019/08/11 15:15,160,160
2019/08/11 15:30,175,173
2019/08/11 15:45,175,170
2019/08/11 16:00,141,144
2019/08/11 16:15,150,146
2019/08/11 16:30,142,151
2019/08/11 16:45,145,144
2019/08/11 17:00,129,124
2019/08/11 17:15,132,128
2019/08/11 17:30,131,122
2019/08/11 17:45,135,129
2019/08/11 18:00,113,116
2019/08/11 18:15,109,118
2019/08/11 18:30,111,117
2019/08/11 18:45,114,118
2019/08/11 19:00,92,97
2019/08/11 19:15,95,88
2019/08/11 19:30,97,81
2019/08/11 19:45,97,90
2019/08/11 20:00,72,75
2019/08/11 20:15,64,74
2019/08/11 20:30,60,72
2019/08/11 20:45,73,70
2019/08/11 21:00,50,48
2019/08/11 21:15,51,58
2019/08/11 21:30,43,48
2019/08/11 21:45,52,50
2019/08/11 22:00,39,35
2019/08/11 22:15,28,22
2019/08/11 22:30,24,30
2019/08/11 22:45,39,27
2019/08/11 23:00,17,19
2019/08/11 23:15,1,9
2019/08/11 23:30,18,6
2019/08/11 23:45,11,9
2019/08/12 01:00,15,18
2019/08/12 01:15,5,14
2019/08/12 01:30,5,0
2019/08/12 01:45,6,14
2019/08/12 02:00,31,29
2019/08/12 02:15,21,37
2019/08/12 02:30,32,33
2019/08/12 02:45,20,27
2019/08/12 03:00,53,57
2019/08/12 03:15,50,52
2019/08/12 03:30,46,48
2019/08/12 03:45,48,48
2019/08/12 04:00,78,72
2019/08/12 04:15,71,61
2019/08/12 04:30,62,69
2019/08/12 04:45,73,74
2019/08/12 05:00,82,81
2019/08/12 05:15,98,91
2019/08/12 05:30,85,98
2019/08/12 05:45,81,97
2019/08/12 06:00,106,104
2019/08/12 06:15,105,101
2019/08/12 06:30,107,103
2019/08/12 06:45,110,103
2019/08/12 07:00,130,133
2019/08/12 07:15,129,135
2019/08/12 07:30,120,122
2019/08/12 07:45,137,136
2019/08/12 08:00,140,144
2019/08/12 08:15,154,140
2019/08/12 08:30,146,149
2019/08/12 08:45,156,140
2019/08/12 09:00,164,167
2019/08/12 09:15,167,163
2019/08/12 09:30,161,165
2019/08/12 09:45,171,170
2019/08/12 10:00,190,182
2019/08/12 10:15,193,198
2019/08/12 10:30,184,180
2019/08/12 10:45,193,182
2019/08/12 11:00,213,204
2019/08/12 11:15,200,211
2019/08/12 11:30,205,208
2019/08/12 11:45,200,202
2019/08/12 12:00,229,230
2019/08/12 12:15,223,227
2019/08/12 12:30,239,236
2019/08/12 12:45,233,233
2019/08/12 13:00,216,210
2019/08/12 13:15,214,215
2019/08/12 13:30,208,208
2019/08/12 13:45,204,210
2019/08/12 14:00,195,188
2019/08/12 14:15,193,197
2019/08/12 14:30,195,198
2019/08/12 14:45,190,197
2019/08/12 15:00,172,173
2019/08/12 15:15,168,175
2019/08/12 15:30,176,176
2019/08/12 15:45,173,172
2019/08/12 16:00,149,152
2019/08/12 16:15,156,142
2019/08/12 16:30,155,148
2019/08/12 16:45,158,150
2019/08/12 17:00,134,124
2019/08/12 17:15,122,121
2019/08/12 17:30,131,125
2019/08/12 17:45,134,123
2019/08/12 18:00,107,100
2019/08/12 18:15,115,104
2019/08/12 18:30,115,109
2019/08/12 18:45,106,116
2019/08/12 19:00,92,91
2019/08/12 19:15,97,85
2019/08/12 19:30,99,92
2019/08/12 19:45,91,84
2019/08/12 20:00,67,70
2019/08/12 20:15,61,62
2019/08/12 20:30,77,74
2019/08/12 20:45,72,73
2019/08/12 21:00,46,50
2019/08/12 21:15,59,44
2019/08/12 21:30,51,57
2019/08/12 21:45,51,45
2019/08/12 22:00,32,25
2019/08/12 22:15,25,34
2019/08/12 22:30,32,30
2019/08/12 22:45,24,23
2019/08/12 23:00,6,13
2019/08/12 23:15,2,16
2019/08/12 23:30,6,13
2019/08/12 23:45,18,10
2019/08/13 01:00,11,12
2019/08/13 01:15,0,6
2019/08/13 01:30,6,10
2019/08/13 01:45,18,19
2019/08/13 02:00,28,37
2019/08/13 02:15,32,29
2019/08/13 02:30,23,22
2019/08/13 02:45,31,35
2019/08/13 03:00,57,47
2019/08/13 03:15,44,40
2019/08/13 03:30,44,58
2019/08/13 03:45,43,52
2019/08/13 04:00,72,74
2019/08/13 04:15,76,65
2019/08/13 04:30,65,79
2019/08/13 04:45,63,71
2019/08/13 05:00,82,86
2019/08/13 05:15,93,87
2019/08/13 05:30,86,89
2019/08/13 05:45,83,92
2019/08/13 06:00,108,118
2019/08/13 06:15,109,115
2019/08/13 06:30,110,108
2019/08/13 06:45,109,104
2019/08/13 07:00,121,126
2019/08/13 07:15,129,133
2019/08/13 07:30,121,130
2019/08/13 07:45,138,125
2019/08/13 08:00,145,144
2019/08/13 08:15,159,157
2019/08/13 08:30,153,144
2019/08/13 08:45,155,156
2019/08/13 09:00,171,164
2019/08/13 09:15,166,165
2019/08/13 09:30,178,168
2019/08/13 09:45,166,170
2019/08/13 10:00,182,185
2019/08/13 10:15,185,199
2019/08/13 10:30,191,188
2019/08/13 10:45,198,195
2019/08/13 11:00,201,206
2019/08/13 11:15,210,214
2019/08/13 11:30,218,208
2019/08/13 11:45,202,212
2019/08/13 12:00,230,235
2019/08/13 12:15,225,225
2019/08/13 12:30,221,233
2019/08/13 12:45,223,232
2019/08/13 13:00,217,214
2019/08/13 13:15,216,202
2019/08/13 13:30,213,204
2019/08/13 13:45,219,218
2019/08/13 14:00,197,198
2019/08/13 14:15,190,196
2019/08/13 14:30,181,183
2019/08/13 14:45,197,196
2019/08/13 15:00,170,168
2019/08/13 15:15,162,165
2019/08/13 15:30,167,170
2019/08/13 15:45,174,165
2019/08/13 16:00,154,152
2019/08/13 16:15,157,142
2019/08/13 16:30,155,142
2019/08/13 16:45,142,143
2019/08/13 17:00,127,130
2019/08/13 17:15,125,124
2019/08/13 17:30,125,137
2019/08/13 17:45,131,122
2019/08/13 18:00,107,100
2019/08/13 18:15,111,115
2019/08/13 18:30,118,110
2019/08/13 18:45,102,114
2019/08/13 19:00,96,99
2019/08/13 19:15,84,98
2019/08/13 19:30,97,83
2019/08/13 19:45,99,80
2019/08/13 20:00,79,76
2019/08/13 20:15,63,70
2019/08/13 20:30,78,68
2019/08/13 20:45,60,70
2019/08/13 21:00,58,50
2019/08/13 21:15,53,46
2019/08/13 21:30,48,55
2019/08/13 21:45,59,46
2019/08/13 22:00,21,21
2019/08/13 22:15,28,24
2019/08/13 22:30,37,34
2019/08/13 22:45,28,37
2019/08/13 23:00,9,11
2019/08/13 23:15,13,1
2019/08/13 23:30,7,5
2019/08/13 23:45,1,2
2019/08/14 01:00,10,13
2019/08/14 01:15,19,4
2019/08/14 01:30,11,0
2019/08/14 01:45,13,0
2019/08/14 02:00,28,38
2019/08/14 02:15,27,33
2019/08/14 02:30,30,27
2019/08/14 02:45,20,35
2019/08/14 03:00,52,50
2019/08/14 03:15,49,47
2019/08/14 03:30,41,42
2019/08/14 03:45,47,41
2019/08/14 04:00,75,60
2019/08/14 04:15,73,62
2019/08/14 04:30,61,70
2019/08/14 04:45,60,67
2019/08/14 05:00,83,81
2019/08/14 05:15,91,90
2019/08/14 05:30,80,82
2019/08/14 05:45,96,80
2019/08/14 06:00,101,106
2019/08/14 06:15,100,101
2019/08/14 06:30,116,115
2019/08/14 06:45,118,111
2019/08/14 07:00,122,135
2019/08/14 07:15,124,125
2019/08/14 07:30,123,131
2019/08/14 07:45,120,134
2019/08/14 08:00,153,142
2019/08/14 08:15,159,156
2019/08/14 08:30,144,146
2019/08/14 08:45,150,153
2019/08/14 09:00,170,164
2019/08/14 09:15,165,177
2019/08/14 09:30,177,177
2019/08/14 09:45,170,173
2019/08/14 10:00,180,192
2019/08/14 10:15,186,180
2019/08/14 10:30,180,181
2019/08/14 10:45,192,191
2019/08/14 11:00,208,211
2019/08/14 11:15,213,218
2019/08/14 11:30,210,212
2019/08/14 11:45,209,202
2019/08/14 12:00,238,225
2019/08/14 12:15,226,234
2019/08/14 12:30,233,235
2019/08/14 12:45,233,234
2019/08/14 13:00,202,201
2019/08/14 13:15,201,213
2019/08/14 13:30,202,218
2019/08/14 13:45,211,202
2019/08/14 14:00,183,192
2019/08/14 14:15,180,196
2019/08/14 14:30,195,197
2019/08/14 14:45,199,183
2019/08/14 15:00,165,161
2019/08/14 15:15,169,164
2019/08/14 15:30,169,171
2019/08/14 15:45,162,169
2019/08/14 16:00,153,151
2019/08/14 16:15,142,144
2019/08/14 16:30,156,153
2019/08/14 16:45,149,143
2019/08/14 17:00,126,126
2019/08/14 17:15,121,120
2019/08/14 17:30,136,139
2019/08/14 17:45,123,133
2019/08/14 18:00,109,109
2019/08/14 18:15,108,107
2019/08/14 18:30,113,109
2019/08/14 18:45,106,116
2019/08/14 19:00,86,89
2019/08/14 19:15,89,81
2019/08/14 19:30,95,85
2019/08/14 19:45,96,81
2019/08/14 20:00,68,66
2019/08/14 20:15,61,77
2019/08/14 20:30,67,69
2019/08/14 20:45,62,69
2019/08/14 21:00,50,41
2019/08/14 21:15,58,40
2019/08/14 21:30,44,41
2019/08/14 21:45,43,56
2019/08/14 22:00,22,35
2019/08/14 22:15,35,20
2019/08/14 22:30,28,28
2019/08/14 22:45,36,21
2019/08/14 23:00,2,1
2019/08/14 23:15,5,15
2019/08/14 23:30,5,7
2019/08/14 23:45,7,15
2019/08/15 01:00,5,6
2019/08/15 01:15,8,2
2019/08/15 01:30,2,5
2019/08/15 01:45,15,15
2019/08/15 02:00,32,35
2019/08/15 02:15,31,20
2019/08/15 02:30,20,35
2019/08/15 02:45,27,24
2019/08/15 03:00,49,59
2019/08/15 03:15,49,58
2019/08/15 03:30,46,51
2019/08/15 03:45,53,51
2019/08/15 04:00,72,72
2019/08/15 04:15,73,60
2019/08/15 04:30,60,69
2019/08/15 04:45,67,76
2019/08/15 05:00,82,81
2019/08/15 05:15,99,98
2019/08/15 05:30,88,88
2019/08/15 05:45,94,92
2019/08/15 06:00,110,109
2019/08/15 06:15,100,105
2019/08/15 06:30,115,104
2019/08/15 06:45,106,119
2019/08/15 07:00,121,125
2019/08/15 07:15,122,125
2019/08/15 07:30,125,133
2019/08/15 07:45,139,139
2019/08/15 08:00,146,159
2019/08/15 08:15,154,158
2019/08/15 08:30,140,143
2019/08/15 08:45,155,146
2019/08/15 09:00,176,165
2019/08/15 09:15,170,179
2019/08/15 09:30,169,172
2019/08/15 09:45,176,179
2019/08/15 10:00,182,192
2019/08/15 10:15,189,186
2019/08/15 10:30,193,190
2019/08/15 10:45,185,197
2019/08/15 11:00,206,212
2019/08/15 11:15,206,200
2019/08/15 11:30,215,217
2019/08/15 11:45,213,203
2019/08/15 12:00,232,229
2019/08/15 12:15,230,235
2019/08/15 12:30,233,233
2019/08/15 12:45,230,227
2019/08/15 13:00,214,210
2019/08/15 13:15,207,216
2019/08/15 13:30,216,214
2019/08/15 13:45,209,211
2019/08/15 14:00,193,182
2019/08/15 14:15,198,187
2019/08/15 14:30,187,199
2019/08/15 14:45,198,191
2019/08/15 15:00,164,165
2019/08/15 15:15,177,175
2019/08/15 15:30,164,174
2019/08/15 15:45,164,164
2019/08/15 16:00,150,144
2019/08/15 16:15,142,146
2019/08/15 16:30,147,151
2019/08/15 16:45,143,157
2019/08/15 17:00,127,133
2019/08/15 17:15,132,122
2019/08/15 17:30,127,134
2019/08/15 17:45,138,131
2019/08/15 18:00,112,101
2019/08/15 18:15,107,111
2019/08/15 18:30,119,110
2019/08/15 18:45,103,102
2019/08/15 19:00,87,81
2019/08/15 19:15,85,87
2019/08/15 19:30,94,96
2019/08/15 19:45,80,80
2019/08/15 20:00,61,60
2019/08/15 20:15,63,64
2019/08/15 20:30,68,77
2019/08/15 20:45,66,69
2019/08/15 21:00,57,58
2019/08/15 21:15,59,48
2019/08/15 21:30,56,58
2019/08/15 21:45,53,56
2019/08/15 22:00,30,37
2019/08/15 22:15,34,28
2019/08/15 22:30,21,36
2019/08/15 22:45,30,23
2019/08/15 23:00,17,6
2019/08/15 23:15,18,2
2019/08/15 23:30,18,9
2019/08/15 23:45,9,8
2019/08/16 01:00,14,11
2019/08/16 01:15,13,15
2019/08/16 01:30,14,11
2019/08/16 01:45,8,14
2019/08/16 02:00,25,38
2019/08/16 02:15,36,23
2019/08/16 02:30,20,24
2019/08/16 02:45,22,37
2019/08/16 03:00,54,59
2019/08/16 03:15,49,41
2019/08/16 03:30,49,58
2019/08/16 03:45,45,57
2019/08/16 04:00,62,66
2019/08/16 04:15,60,77
2019/08/16 04:30,61,67
2019/08/16 04:45,64,61
2019/08/16 05:00,86,89
2019/08/16 05:15,90,84
2019/08/16 05:30,87,84
2019/08/16 05:45,99,92
2019/08/16 06:00,116,111
2019/08/16 06:15,114,119
2019/08/16 06:30,119,119
2019/08/16 06:45,108,100
2019/08/16 07:00,125,128
2019/08/16 07:15,135,126
2019/08/16 07:30,137,136
2019/08/16 07:45,133,136
2019/08/16 08:00,144,154
2019/08/16 08:15,153,153
2019/08/16 08:30,148,158
2019/08/16 08:45,140,152
2019/08/16 09:00,165,172
2019/08/16 09:15,161,166
2019/08/16 09:30,160,173
2019/08/16 09:45,175,174
2019/08/16 10:00,180,198
2019/08/16 10:15,185,199
2019/08/16 10:30,187,197
2019/08/16 10:45,186,190
2019/08/16 11:00,215,207
2019/08/16 11:15,208,205
2019/08/16 11:30,218,218
2019/08/16 11:45,207,213
2019/08/16 12:00,238,224
2019/08/16 12:15,225,234
2019/08/16 12:30,223,238
2019/08/16 12:45,238,237
2019/08/16 13:00,212,201
2019/08/16 13:15,211,213
2019/08/16 13:30,216,215
2019/08/16 13:45,207,202
2019/08/16 14:00,193,198
2019/08/16 14:15,189,197
2019/08/16 14:30,194,198
2019/08/16 14:45,191,187
2019/08/16 15:00,169,162
2019/08/16 15:15,174,171
2019/08/16 15:30,171,178
2019/08/16 15:45,164,170
2019/08/16 16:00,154,143
2019/08/16 16:15,153,151
2019/08/16 16:30,154,148
2019/08/16 16:45,155,146
2019/08/16 17:00,136,124
2019/08/16 17:15,134,133
2019/08/16 17:30,130,124
2019/08/16 17:45,135,137
2019/08/16 18:00,108,102
2019/08/16 18:15,115,116
2019/08/16 18:30,119,113
2019/08/16 18:45,119,104
2019/08/16 19:00,89,92
2019/08/16 19:15,98,92
2019/08/16 19:30,84,96
2019/08/16 19:45,81,82
2019/08/16 20:00,73,69
2019/08/16 20:15,69,71
2019/08/16 20:30,64,77
2019/08/16 20:45,62,75
2019/08/16 21:00,52,40
2019/08/16 21:15,55,41
2019/08/16 21:30,55,59
2019/08/16 21:45,49,50
2019/08/16 22:00,36,34
2019/08/16 22:15,24,36
2019/08/16 22:30,27,38
2019/08/16 22:45,35,24
2019/08/16 23:00,7,19
2019/08/16 23:15,3,11
2019/08/16 23:30,7,1
2019/08/16 23:45,12,2
2019/08/17 01:00,16,0
2019/08/17 01:15,7,0
2019/08/17 01:30,16,10
2019/08/17 01:45,8,2
2019/08/17 02:00,22,29
2019/08/17 02:15,33,36
2019/08/17 02:30,26,39
2019/08/17 02:45,27,23
2019/08/17 03:00,46,57
2019/08/17 03:15,55,55
2019/08/17 03:30,47,46
2019/08/17 03:45,46,55
2019/08/17 04:00,77,75
2019/08/17 04:15,68,75
2019/08/17 04:30,61,62
2019/08/17 04:45,64,73
2019/08/17 05:00,89,98
2019/08/17 05:15,98,85
2019/08/17 05:30,86,80
2019/08/17 05:45,97,90
2019/08/17 06:00,100,101
2019/08/17 06:15,106,119
2019/08/17 06:30,119,118
2019/08/17 06:45,113,103
2019/08/17 07:00,131,128
2019/08/17 07:15,138,138
2019/08/17 07:30,138,121
2019/08/17 07:45,138,129
2019/08/17 08:00,145,156
2019/08/17 08:15,153,145
2019/08/17 08:30,154,155
2019/08/17 08:45,156,145
2019/08/17 09:00,162,175
2019/08/17 09:15,171,170
2019/08/17 09:30,160,167
2019/08/17 09:45,178,165
2019/08/17 10:00,181,199
2019/08/17 10:15,185,190
2019/08/17 10:30,195,185
2019/08/17 10:45,182,187
2019/08/17 11:00,215,217
2019/08/17 11:15,200,216
2019/08/17 11:30,216,201
2019/08/17 11:45,215,208
2019/08/17 12:00,228,229
2019/08/17 12:15,232,235
2019/08/17 12:30,232,220
2019/08/17 12:45,236,232
2019/08/17 13:00,208,210
2019/08/17 13:15,218,206
2019/08/17 13:30,211,217
2019/08/17 13:45,212,203
2019/08/17 14:00,198,189
2019/08/17 14:15,180,193
2019/08/17 14:30,185,189
2019/08/17 14:45,195,186
2019/08/17 15:00,167,173
2019/08/17 15:15,160,179
2019/08/17 15:30,172,166
2019/08/17 15:45,169,164
2019/08/17 16:00,140,142
2019/08/17 16:15,157,154
2019/08/17 16:30,146,158
2019/08/17 16:45,141,156
2019/08/17 17:00,139,128
2019/08/17 17:15,124,135
2019/08/17 17:30,129,128
2019/08/17 17:45,130,129
2019/08/17 18:00,108,119
2019/08/17 18:15,107,118
2019/08/17 18:30,108,116
2019/08/17 18:45,107,115
2019/08/17 19:00,89,98
2019/08/17 19:15,82,98
2019/08/17 19:30,94,91
2019/08/17 19:45,89,88
2019/08/17 20:00,79,62
2019/08/17 20:15,66,79
2019/08/17 20:30,75,68
2019/08/17 20:45,68,61
2019/08/17 21:00,56,53
2019/08/17 21:15,45,51
2019/08/17 21:30,56,40
2019/08/17 21:45,50,55
2019/08/17 22:00,39,37
2019/08/17 22:15,21,31
2019/08/17 22:30,20,39
2019/08/17 22:45,36,38
2019/08/17 23:00,15,10
2019/08/17 23:15,14,6
2019/08/17 23:30,17,3
2019/08/17 23:45,0,3
2019/08/18 01:00,15,7
2019/08/18 01:15,19,10
2019/08/18 01:30,0,9
2019/08/18 01:45,8,3
2019/08/18 02:00,28,39
2019/08/18 02:15,22,29
2019/08/18 02:30,36,33
2019/08/18 02:45,26,37
2019/08/18 03:00,51,40
2019/08/18 03:15,51,45
2019/08/18 03:30,40,59
2019/08/18 03:45,51,54
2019/08/18 04:00,72,79
2019/08/18 04:15,62,67
2019/08/18 04:30,65,72
2019/08/18 04:45,63,66
2019/08/18 05:00,89,80
2019/08/18 05:15,88,88
2019/08/18 05:30,92,94
2019/08/18 05:45,99,81
2019/08/18 06:00,104,105
2019/08/18 06:15,108,108
2019/08/18 06:30,106,107
2019/08/18 06:45,102,102
2019/08/18 07:00,121,123
2019/08/18 07:15,121,139
2019/08/18 07:30,130,120
2019/08/18 07:45,128,133
2019/08/18 08:00,147,156
2019/08/18 08:15,154,155
2019/08/18 08:30,140,149
2019/08/18 08:45,154,152
2019/08/18 09:00,169,174
2019/08/18 09:15,171,168
2019/08/18 09:30,179,171
2019/08/18 09:45,162,167
2019/08/18 10:00,194,187
2019/08/18 10:15,192,180
2019/08/18 10:30,194,182
2019/08/18 10:45,181,194
2019/08/18 11:00,215,219
2019/08/18 11:15,200,202
2019/08/18 11:30,218,219
2019/08/18 11:45,207,215
2019/08/18 12:00,232,231
2019/08/18 12:15,239,226
2019/08/18 12:30,237,225
2019/08/18 12:45,221,223
2019/08/18 13:00,205,216
2019/08/18 13:15,210,208
2019/08/18 13:30,201,207
2019/08/18 13:45,204,213
2019/08/18 14:00,181,183
2019/08/18 14:15,182,187
2019/08/18 14:30,199,189
2019/08/18 14:45,195,183
2019/08/18 15:00,164,172
2019/08/18 15:15,168,174
2019/08/18 15:30,170,164
2019/08/18 15:45,176,176
2019/08/18 16:00,154,148
2019/08/18 16:15,159,144
2019/08/18 16:30,153,150
2019/08/18 16:45,148,144
2019/08/18 17:00,121,130
2019/08/18 17:15,128,124
2019/08/18 17:30,134,131
2019/08/18 17:45,132,138
2019/08/18 18:00,101,102
2019/08/18 18:15,118,109
2019/08/18 18:30,119,103
2019/08/18 18:45,106,109
2019/08/18 19:00,90,88
2019/08/18 19:15,96,87
2019/08/18 19:30,89,83
2019/08/18 19:45,84,80
2019/08/18 20:00,74,77
2019/08/18 20:15,60,74
2019/08/18 20:30,62,77
2019/08/18 20:45,70,72
2019/08/18 21:00,45,43
2019/08/18 21:15,54,43
2019/08/18 21:30,57,46
2019/08/18 21:45,51,45
2019/08/18 22:00,36,23
2019/08/18 22:15,39,28
2019/08/18 22:30,39,39
2019/08/18 22:45,33,26
2019/08/18 23:00,16,19
2019/08/18 23:15,18,19
2019/08/18 23:30,5,8
2019/08/18 23:45,4,2
2019/08/19 01:00,0,7
2019/08/19 01:15,8,16
2019/08/19 01:30,9,16
2019/08/19 01:45,2,0
2019/08/19 02:00,23,21
2019/08/19 02:15,34,21
2019/08/19 02:30,22,23
2019/08/19 02:45,34,38
2019/08/19 03:00,49,55
2019/08/19 03:15,52,56
2019/08/19 03:30,58,42
2019/08/19 03:45,46,54
2019/08/19 04:00,78,62
2019/08/19 04:15,70,69
2019/08/19 04:30,68,69
2019/08/19 04:45,67,72
2019/08/19 05:00,91,86
2019/08/19 05:15,81,87
2019/08/19 05:30,95,80
2019/08/19 05:45,80,80
2019/08/19 06:00,105,106
2019/08/19 06:15,101,100
2019/08/19 06:30,103,112
2019/08/19 06:45,108,102
2019/08/19 07:00,138,124
2019/08/19 07:15,122,131
2019/08/19 07:30,125,138
2019/08/19 07:45,124,131
2019/08/19 08:00,146,145
2019/08/19 08:15,158,157
2019/08/19 08:30,141,157
2019/08/19 08:45,141,140
2019/08/19 09:00,176,163
2019/08/19 09:15,179,160
2019/08/19 09:30,162,161
2019/08/19 09:45,173,162
2019/08/19 10:00,182,187
2019/08/19 10:15,189,182
2019/08/19 10:30,184,186
2019/08/19 10:45,194,197
2019/08/19 11:00,207,213
2019/08/19 11:15,217,201
2019/08/19 11:30,200,214
2019/08/19 11:45,207,218
2019/08/19 12:00,230,234
2019/08/19 12:15,224,229
2019/08/19 12:30,223,229
2019/08/19 12:45,225,223
2019/08/19 13:00,202,208
2019/08/19 13:15,214,200
2019/08/19 13:30,211,202
2019/08/19 13:45,201,208
2019/08/19 14:00,181,191
2019/08/19 14:15,190,188
2019/08/19 14:30,186,199
2019/08/19 14:45,199,198
2019/08/19 15:00,171,170
2019/08/19 15:15,169,178
2019/08/19 15:30,175,162
2019/08/19 15:45,162,171
2019/08/19 16:00,159,153
2019/08/19 16:15,159,158
2019/08/19 16:30,154,145
2019/08/19 16:45,145,147
2019/08/19 17:00,127,124
2019/08/19 17:15,132,121
2019/08/19 17:30,138,135
2019/08/19 17:45,128,136
2019/08/19 18:00,105,115
2019/08/19 18:15,111,108
2019/08/19 18:30,116,106
2019/08/19 18:45,106,113
2019/08/19 19:00,98,92
2019/08/19 19:15,94,96
2019/08/19 19:30,97,86
2019/08/19 19:45,83,92
2019/08/19 20:00,69,67
2019/08/19 20:15,72,74
2019/08/19 20:30,69,65
2019/08/19 20:45,74,63
2019/08/19 21:00,43,44
2019/08/19 21:15,46,57
2019/08/19 21:30,49,47
2019/08/19 21:45,53,53
2019/08/19 22:00,37,39
2019/08/19 22:15,20,36
2019/08/19 22:30,33,23
2019/08/19 22:45,37,39
2019/08/19 23:00,0,13
2019/08/19 23:15,11,18
2019/08/19 23:30,13,3
2019/08/19 23:45,4,7
2019/08/20 01:00,10,10
2019/08/20 01:15,8,13
2019/08/20 01:30,6,7
2019/08/20 01:45,0,4
2019/08/20 02:00,31,25
2019/08/20 02:15,20,36
2019/08/20 02:30,35,22
2019/08/20 02:45,25,27
2019/08/20 03:00,47,41
2019/08/20 03:15,59,42
2019/08/20 03:30,42,49
2019/08/20 03:45,56,57
2019/08/20 04:00,79,65
2019/08/20 04:15,70,66
2019/08/20 04:30,60,71
2019/08/20 04:45,78,71
2019/08/20 05:00,84,96
2019/08/20 05:15,91,94
2019/08/20 05:30,87,91
2019/08/20 05:45,96,94
2019/08/20 06:00,114,100
2019/08/20 06:15,100,115
2019/08/20 06:30,104,111
2019/08/20 06:45,100,105
2019/08/20 07:00,128,127
2019/08/20 07:15,131,128
2019/08/20 07:30,124,138
2019/08/20 07:45,123,132
2019/08/20 08:00,156,141
2019/08/20 08:15,146,156
2019/08/20 08:30,158,147
2019/08/20 08:45,141,155
2019/08/20 09:00,171,167
2019/08/20 09:15,160,179
2019/08/20 09:30,170,176
2019/08/20 09:45,164,169
2019/08/20 10:00,199,182
2019/08/20 10:15,194,181
2019/08/20 10:30,191,187
2019/08/20 10:45,187,192
2019/08/20 11:00,215,204
2019/08/20 11:15,218,202
2019/08/20 11:30,213,209
2019/08/20 11:45,213,210
2019/08/20 12:00,228,236
2019/08/20 12:15,234,228
2019/08/20 12:30,229,226
2019/08/20 12:45,224,235
2019/08/20 13:00,218,213
2019/08/20 13:15,213,208
2019/08/20 13:30,202,217
2019/08/20 13:45,207,211
2019/08/20 14:00,187,180
2019/08/20 14:15,196,193
2019/08/20 14:30,186,199
2019/08/20 14:45,191,190
2019/08/20 15:00,170,174
2019/08/20 15:15,160,174
2019/08/20 15:30,160,169
2019/08/20 15:45,163,169
2019/08/20 16:00,152,147
2019/08/20 16:15,143,140
2019/08/20 16:30,154,158
2019/08/20 16:45,146,153
2019/08/20 17:00,125,132
2019/08/20 17:15,134,129
2019/08/20 17:30,133,120
2019/08/20 17:45,130,123
2019/08/20 18:00,106,102
2019/08/20 18:15,118,115
2019/08/20 18:30,106,109
2019/08/20 18:45,118,116
2019/08/20 19:00,82,81
2019/08/20 19:15,90,89
2019/08/20 19:30,94,93
2019/08/20 19:45,90,95
2019/08/20 20:00,63,71
2019/08/20 20:15,65,74
2019/08/20 20:30,63,79
2019/08/20 20:45,70,67
2019/08/20 21:00,49,46
2019/08/20 21:15,50,40
2019/08/20 21:30,42,59
2019/08/20 21:45,40,57
2019/08/20 22:00,35,34
2019/08/20 22:15,37,31
2019/08/20 22:30,31,28
2019/08/20 22:45,36,31
2019/08/20 23:00,17,18
2019/08/20 23:15,6,15
2019/08/20 23:30,2,0
2019/08/20 23:45,11,16
2019/08/21 01:00,18,5
2019/08/21 01:15,0,15
2019/08/21 01:30,2,19
2019/08/21 01:45,12,14
2019/08/21 02:00,22,32
2019/08/21 02:15,33,24
2019/08/21 02:30,31,33
2019/08/21 02:45,29,27
2019/08/21 03:00,54,48
2019/08/21 03:15,46,51
2019/08/21 03:30,55,53
2019/08/21 03:45,42,55
2019/08/21 04:00,75,71
2019/08/21 04:15,64,77
2019/08/21 04:30,73,74
2019/08/21 04:45,63,69
2019/08/21 05:00,85,93
2019/08/21 05:15,94,99
2019/08/21 05:30,87,80
2019/08/21 05:45,83,84
2019/08/21 06:00,102,103
2019/08/21 06:15,104,102
2019/08/21 06:30,119,108
2019/08/21 06:45,114,115
2019/08/21 07:00,127,138
2019/08/21 07:15,129,138
2019/08/21 07:30,132,136
2019/08/21 07:45,135,134
2019/08/21 08:00,142,141
2019/08/21 08:15,154,159
2019/08/21 08:30,150,142
2019/08/21 08:45,144,143
2019/08/21 09:00,173,164
2019/08/21 09:15,171,175
2019/08/21 09:30,160,174
2019/08/21 09:45,165,177
2019/08/21 10:00,196,180
2019/08/21 10:15,182,180
2019/08/21 10:30,183,188
2019/08/21 10:45,187,198
2019/08/21 11:00,218,215
2019/08/21 11:15,206,216
2019/08/21 11:30,205,219
2019/08/21 11:45,203,200
2019/08/21 12:00,233,235
2019/08/21 12:15,228,223
2019/08/21 12:30,226,224
2019/08/21 12:45,235,225
2019/08/21 13:00,218,201
2019/08/21 13:15,205,202
2019/08/21 13:30,200,200
2019/08/21 13:45,219,219
2019/08/21 14:00,183,192
2019/08/21 14:15,185,187
2019/08/21 14:30,183,197
2019/08/21 14:45,199,193
2019/08/21 15:00,173,170
2019/08/21 15:15,162,178
2019/08/21 15:30,166,162
2019/08/21 15:45,170,169
2019/08/21 16:00,156,151
2019/08/21 16:15,140,155
2019/08/21 16:30,151,158
2019/08/21 16:45,141,155
2019/08/21 17:00,121,121
2019/08/21 17:15,129,126
2019/08/21 17:30,136,133
2019/08/21 17:45,138,132
2019/08/21 18:00,118,112
2019/08/21 18:15,119,105
2019/08/21 18:30,103,119
2019/08/21 18:45,107,109
2019/08/21 19:00,94,91
2019/08/21 19:15,99,85
2019/08/21 19:30,91,80
2019/08/21 19:45,84,99
2019/08/21 20:00,60,60
2019/08/21 20:15,73,65
2019/08/21 20:30,73,77
2019/08/21 20:45,62,73
2019/08/21 21:00,48,48
2019/08/21 21:15,50,56
2019/08/21 21:30,41,42
2019/08/21 21:45,59,57
2019/08/21 22:00,30,36
2019/08/21 22:15,26,34
2019/08/21 22:30,20,31
2019/08/21 22:45,20,24
2019/08/21 23:00,2,16
2019/08/21 23:15,18,15
2019/08/21 23:30,14,4
2019/08/21 23:45,3,19
2019/08/22 01:00,19,10
2019/08/22 01:15,5,1
2019/08/22 01:30,8,9
2019/08/22 01:45,13,17
2019/08/22 02:00,33,25
2019/08/22 02:15,22,31
2019/08/22 02:30,38,34
2019/08/22 02:45,39,39
2019/08/22 03:00,49,55
2019/08/22 03:15,56,51
2019/08/22 03:30,58,57
2019/08/22 03:45,46,49
2019/08/22 04:00,66,72
2019/08/22 04:15,71,69
2019/08/22 04:30,73,70
2019/08/22 04:45,60,61
2019/08/22 05:00,81,83
2019/08/22 05:15,97,83
2019/08/22 05:30,91,81
2019/08/22 05:45,93,95
2019/08/22 06:00,107,118
2019/08/22 06:15,104,109
2019/08/22 06:30,119,118
2019/08/22 06:45,118,107
2019/08/22 07:00,123,134
2019/08/22 07:15,132,137
2019/08/22 07:30,125,133
2019/08/22 07:45,126,128
2019/08/22 08:00,140,142
2019/08/22 08:15,151,153
2019/08/22 08:30,155,146
2019/08/22 08:45,148,158
2019/08/22 09:00,170,178
2019/08/22 09:15,170,171
2019/08/22 09:30,169,162
2019/08/22 09:45,170,171
2019/08/22 10:00,189,187
2019/08/22 10:15,199,199
2019/08/22 10:30,187,186
2019/08/22 10:45,194,180
2019/08/22 11:00,212,211
2019/08/22 11:15,212,208
2019/08/22 11:30,219,212
2019/08/22 11:45,212,210
2019/08/22 12:00,221,222
2019/08/22 12:15,220,225
2019/08/22 12:30,221,238
2019/08/22 12:45,234,230
2019/08/22 13:00,212,214
2019/08/22 13:15,208,201
2019/08/22 13:30,213,216
2019/08/22 13:45,208,213
2019/08/22 14:00,198,185
2019/08/22 14:15,195,193
2019/08/22 14:30,197,199
2019/08/22 14:45,193,198
2019/08/22 15:00,163,160
2019/08/22 15:15,172,173
2019/08/22 15:30,179,177
2019/08/22 15:45,168,173
2019/08/22 16:00,154,142
2019/08/22 16:15,153,152
2019/08/22 16:30,156,155
2019/08/22 16:45,143,154
2019/08/22 17:00,120,129
2019/08/22 17:15,133,121
2019/08/22 17:30,130,127
2019/08/22 17:45,124,122
2019/08/22 18:00,103,109
2019/08/22 18:15,115,116
2019/08/22 18:30,112,108
2019/08/22 18:45,104,100
2019/08/22 19:00,92,93
2019/08/22 19:15,91,86
2019/08/22 19:30,83,97
2019/08/22 19:45,83,80
2019/08/22 20:00,67,74
2019/08/22 20:15,73,76
2019/08/22 20:30,68,71
2019/08/22 20:45,75,74
2019/08/22 21:00,42,42
2019/08/22 21:15,48,46
2019/08/22 21:30,48,52
2019/08/22 21:45,44,44
2019/08/22 22:00,21,24
2019/08/22 22:15,27,38
2019/08/22 22:30,32,22
2019/08/22 22:45,30,29
2019/08/22 23:00,16,19
2019/08/22 23:15,4,7
2019/08/22 23:30,7,16
2019/08/22 23:45,1,15
2019/08/23 01:00,12,17
2019/08/23 01:15,15,14
2019/08/23 01:30,7,16
2019/08/23 01:45,7,6
2019/08/23 02:00,21,25
2019/08/23 02:15,26,23
2019/08/23 02:30,21,39
2019/08/23 02:45,22,28
2019/08/23 03:00,52,47
2019/08/23 03:15,45,48
2019/08/23 03:30,49,52
2019/08/23 03:45,50,58
2019/08/23 04:00,65,72
2019/08/23 04:15,79,66
2019/08/23 04:30,65,77
2019/08/23 04:45,68,67
2019/08/23 05:00,89,95
2019/08/23 05:15,86,97
2019/08/23 05:30,97,92
2019/08/23 05:45,94,91
2019/08/23 06:00,109,106
2019/08/23 06:15,102,108
2019/08/23 06:30,111,103
2019/08/23 06:45,115,107
2019/08/23 07:00,124,120
2019/08/23 07:15,121,134
2019/08/23 07:30,127,130
2019/08/23 07:45,124,123
2019/08/23 08:00,143,142
2019/08/23 08:15,151,156
2019/08/23 08:30,148,147
2019/08/23 08:45,147,153
2019/08/23 09:00,163,162
2019/08/23 09:15,177,168
2019/08/23 09:30,164,171
2019/08/23 09:45,178,160
2019/08/23 10:00,192,185
2019/08/23 10:15,195,184
2019/08/23 10:30,181,195
2019/08/23 10:45,199,196
2019/08/23 11:00,201,216
2019/08/23 11:15,210,209
2019/08/23 11:30,216,210
2019/08/23 11:45,200,210
2019/08/23 12:00,232,233
2019/08/23 12:15,224,233
2019/08/23 12:30,239,232
2019/08/23 12:45,228,222
2019/08/23 13:00,206,216
2019/08/23 13:15,208,213
2019/08/23 13:30,205,218
2019/08/23 13:45,213,212
2019/08/23 14:00,196,187
2019/08/23 14:15,198,195
2019/08/23 14:30,189,188
2019/08/23 14:45,189,194
2019/08/23 15:00,172,161
2019/08/23 15:15,163,176
2019/08/23 15:30,165,162
2019/08/23 15:45,176,171
2019/08/23 16:00,145,156
2019/08/23 16:15,143,144
2019/08/23 16:30,153,146
2019/08/23 16:45,142,152
2019/08/23 17:00,128,123
2019/08/23 17:15,129,134
2019/08/23 17:30,130,135
2019/08/23 17:45,123,124
2019/08/23 18:00,114,110
2019/08/23 18:15,114,118
2019/08/23 18:30,115,104
2019/08/23 18:45,116,108
2019/08/23 19:00,85,88
2019/08/23 19:15,83,82
2019/08/23 19:30,95,97
2019/08/23 19:45,88,94
2019/08/23 20:00,63,75
2019/08/23 20:15,78,64
2019/08/23 20:30,60,62
2019/08/23 20:45,70,62
2019/08/23 21:00,49,58
2019/08/23 21:15,59,47
2019/08/23 21:30,58,53
2019/08/23 21:45,40,56
2019/08/23 22:00,37,38
2019/08/23 22:15,23,31
2019/08/23 22:30,33,20
2019/08/23 22:45,33,38
2019/08/23 23:00,7,1
2019/08/23 23:15,9,17
2019/08/23 23:30,14,14
2019/08/23 23:45,0,9
2019/08/24 01:00,9,9
2019/08/24 01:15,5,2
2019/08/24 01:30,6,0
2019/08/24 01:45,9,9
2019/08/24 02:00,36,21
2019/08/24 02:15,26,25
2019/08/24 02:30,23,38
2019/08/24 02:45,30,27
2019/08/24 03:00,59,56
2019/08/24 03:15,59,47
2019/08/24 03:30,54,54
2019/08/24 03:45,57,46
2019/08/24 04:00,68,79
2019/08/24 04:15,69,76
2019/08/24 04:30,73,64
2019/08/24 04:45,67,60
2019/08/24 05:00,86,84
2019/08/24 05:15,95,84
2019/08/24 05:30,83,82
2019/08/24 05:45,99,97
2019/08/24 06:00,119,118
2019/08/24 06:15,101,113
2019/08/24 06:30,115,101
2019/08/24 06:45,112,111
2019/08/24 07:00,121,121
2019/08/24 07:15,120,136
2019/08/24 07:30,127,120
2019/08/24 07:45,136,131
2019/08/24 08:00,155,148
2019/08/24 08:15,157,147
2019/08/24 08:30,155,142
2019/08/24 08:45,156,149
2019/08/24 09:00,170,177
2019/08/24 09:15,163,177
2019/08/24 09:30,172,175
2019/08/24 09:45,175,167
2019/08/24 10:00,184,199
2019/08/24 10:15,196,190
2019/08/24 10:30,189,187
2019/08/24 10:45,193,181
2019/08/24 11:00,200,212
2019/08/24 11:15,211,218
2019/08/24 11:30,207,219
2019/08/24 11:45,202,205
2019/08/24 12:00,230,224
2019/08/24 12:15,235,232
2019/08/24 12:30,239,233
2019/08/24 12:45,224,238
2019/08/24 13:00,213,204
2019/08/24 13:15,213,217
2019/08/24 13:30,205,203
2019/08/24 13:45,207,206
2019/08/24 14:00,188,181
2019/08/24 14:15,180,197
2019/08/24 14:30,185,193
2019/08/24 14:45,189,182
2019/08/24 15:00,167,170
2019/08/24 15:15,167,163
2019/08/24 15:30,174,162
2019/08/24 15:45,170,170
2019/08/24 16:00,152,150
2019/08/24 16:15,141,158
2019/08/24 16:30,148,145
2019/08/24 16:45,152,145
2019/08/24 17:00,121,123
2019/08/24 17:15,127,125
2019/08/24 17:30,123,121
2019/08/24 17:45,139,126
2019/08/24 18:00,106,119
2019/08/24 18:15,119,118
2019/08/24 18:30,112,106
2019/08/24 18:45,103,115
2019/08/24 19:00,95,83
2019/08/24 19:15,83,93
2019/08/24 19:30,80,94
2019/08/24 19:45,81,95
2019/08/24 20:00,75,78
2019/08/24 20:15,64,68
2019/08/24 20:30,79,73
2019/08/24 20:45,73,73
2019/08/24 21:00,54,59
2019/08/24 21:15,58,53
2019/08/24 21:30,42,44
2019/08/24 21:45,41,59
2019/08/24 22:00,25,30
2019/08/24 22:15,35,22
2019/08/24 22:30,22,36
2019/08/24 22:45,25,21
2019/08/24 23:00,11,4
2019/08/24 23:15,2,5
2019/08/24 23:30,11,18
2019/08/24 23:45,3,3
2019/08/25 01:00,6,11
2019/08/25 01:15,13,1
2019/08/25 01:30,9,13
2019/08/25 01:45,4,19
2019/08/25 02:00,34,29
2019/08/25 02:15,32,27
2019/08/25 02:30,37,27
2019/08/25 02:45,28,34
2019/08/25 03:00,43,47
2019/08/25 03:15,51,48
2019/08/25 03:30,44,54
2019/08/25 03:45,55,41
2019/08/25 04:00,69,63
2019/08/25 04:15,76,72
2019/08/25 04:30,72,65
2019/08/25 04:45,64,65
2019/08/25 05:00,85,85
2019/08/25 05:15,84,87
2019/08/25 05:30,86,98
2019/08/25 05:45,93,94
2019/08/25 06:00,105,112
2019/08/25 06:15,110,103
2019/08/25 06:30,111,104
2019/08/25 06:45,105,106
2019/08/25 07:00,125,121
2019/08/25 07:15,126,121
2019/08/25 07:30,128,123
2019/08/25 07:45,132,131
2019/08/25 08:00,140,146
2019/08/25 08:15,155,143
2019/08/25 08:30,158,151
2019/08/25 08:45,147,153
2019/08/25 09:00,176,177
2019/08/25 09:15,166,177
2019/08/25 09:30,166,163
2019/08/25 09:45,179,171
2019/08/25 10:00,196,180
2019/08/25 10:15,184,180
2019/08/25 10:30,181,189
2019/08/25 10:45,185,183
2019/08/25 11:00,206,203
2019/08/25 11:15,206,212
2019/08/25 11:30,203,210
2019/08/25 11:45,219,205
2019/08/25 12:00,221,225
2019/08/25 12:15,224,235
2019/08/25 12:30,220,220
2019/08/25 12:45,225,225
2019/08/25 13:00,203,209
2019/08/25 13:15,202,219
2019/08/25 13:30,202,218
2019/08/25 13:45,218,214
2019/08/25 14:00,199,186
2019/08/25 14:15,180,198
2019/08/25 14:30,197,186
2019/08/25 14:45,196,194
2019/08/25 15:00,160,174
2019/08/25 15:15,162,173
2019/08/25 15:30,173,175
2019/08/25 15:45,169,177
2019/08/25 16:00,142,158
2019/08/25 16:15,151,147
2019/08/25 16:30,148,145
2019/08/25 16:45,154,141
2019/08/25 17:00,137,123
2019/08/25 17:15,124,139
2019/08/25 17:30,126,130
2019/08/25 17:45,137,132
2019/08/25 18:00,102,111
2019/08/25 18:15,106,117
2019/08/25 18:30,107,101
2019/08/25 18:45,100,108
2019/08/25 19:00,87,85
2019/08/25 19:15,95,94
2019/08/25 19:30,92,92
2019/08/25 19:45,97,88
2019/08/25 20:00,73,66
2019/08/25 20:15,75,73
2019/08/25 20:30,78,75
2019/08/25 20:45,62,70
2019/08/25 21:00,41,46
2019/08/25 21:15,53,46
2019/08/25 21:30,56,52
2019/08/25 21:45,55,40
2019/08/25 22:00,34,28
2019/08/25 22:15,34,39
2019/08/25 22:30,39,24
2019/08/25 22:45,28,35
2019/08/25 23:00,17,16
2019/08/25 23:15,6,14
2019/08/25 23:30,18,10
2019/08/25 23:45,3,18
2019/08/26 01:00,4,8
2019/08/26 01:15,18,6
2019/08/26 01:30,12,2
2019/08/26 01:45,2,15
2019/08/26 02:00,30,22
2019/08/26 02:15,26,21
2019/08/26 02:30,34,27
2019/08/26 02:45,29,36
2019/08/26 03:00,55,49
2019/08/26 03:15,43,49
2019/08/26 03:30,51,42
2019/08/26 03:45,52,59
2019/08/26 04:00,69,61
2019/08/26 04:15,74,62
2019/08/26 04:30,72,73
2019/08/26 04:45,62,64
2019/08/26 05:00,94,88
2019/08/26 05:15,90,94
2019/08/26 05:30,89,81
2019/08/26 05:45,93,93
2019/08/26 06:00,111,111
2019/08/26 06:15,116,114
2019/08/26 06:30,103,105
2019/08/26 06:45,113,110
2019/08/26 07:00,124,137
2019/08/26 07:15,126,128
2019/08/26 07:30,122,126
2019/08/26 07:45,125,132
2019/08/26 08:00,142,154
2019/08/26 08:15,143,146
2019/08/26 08:30,142,140
2019/08/26 08:45,151,152
2019/08/26 09:00,162,161
2019/08/26 09:15,174,161
2019/08/26 09:30,162,175
2019/08/26 09:45,173,173
2019/08/26 10:00,192,183
2019/08/26 10:15,196,193
2019/08/26 10:30,185,199
2019/08/26 10:45,193,180
2019/08/26 11:00,206,215
2019/08/26 11:15,215,205
2019/08/26 11:30,202,209
2019/08/26 11:45,211,204
2019/08/26 12:00,226,239
2019/08/26 12:15,226,229
2019/08/26 12:30,226,239
2019/08/26 12:45,222,237
2019/08/26 13:00,218,208
2019/08/26 13:15,206,210
2019/08/26 13:30,215,208
2019/08/26 13:45,206,201
2019/08/26 14:00,184,195
2019/08/26 14:15,182,189
2019/08/26 14:30,183,182
2019/08/26 14:45,198,197
2019/08/26 15:00,171,165
2019/08/26 15:15,168,175
2019/08/26 15:30,170,171
2019/08/26 15:45,175,169
2019/08/26 16:00,147,152
2019/08/26 16:15,152,145
2019/08/26 16:30,150,146
2019/08/26 16:45,158,150
2019/08/26 17:00,121,122
2019/08/26 17:15,128,121
2019/08/26 17:30,137,125
2019/08/26 17:45,139,120
2019/08/26 18:00,104,113
2019/08/26 18:15,105,110
2019/08/26 18:30,109,114
2019/08/26 18:45,109,110
2019/08/26 19:00,81,89
2019/08/26 19:15,81,91
2019/08/26 19:30,98,80
2019/08/26 19:45,93,92
2019/08/26 20:00,66,79
2019/08/26 20:15,63,62
2019/08/26 20:30,61,60
2019/08/26 20:45,65,65
2019/08/26 21:00,53,43
2019/08/26 21:15,55,59
2019/08/26 21:30,56,40
2019/08/26 21:45,48,55
2019/08/26 22:00,32,31
2019/08/26 22:15,39,21
2019/08/26 22:30,38,38
2019/08/26 22:45,25,24
2019/08/26 23:00,11,10
2019/08/26 23:15,15,5
2019/08/26 23:30,18,14
2019/08/26 23:45,16,8
2019/08/27 01:00,0,14
2019/08/27 01:15,7,4
2019/08/27 01:30,13,9
2019/08/27 01:45,1,13
2019/08/27 02:00,22,39
2019/08/27 02:15,32,29
2019/08/27 02:30,39,37
2019/08/27 02:45,37,37
2019/08/27 03:00,46,58
2019/08/27 03:15,58,57
2019/08/27 03:30,59,57
2019/08/27 03:45,46,46
2019/08/27 04:00,61,68
2019/08/27 04:15,66,68
2019/08/27 04:30,70,79
2019/08/27 04:45,71,67
2019/08/27 05:00,86,94
2019/08/27 05:15,98,96
2019/08/27 05:30,93,87
2019/08/27 05:45,92,96
2019/08/27 06:00,100,111
2019/08/27 06:15,101,113
2019/08/27 06:30,108,116
2019/08/27 06:45,112,111
2019/08/27 07:00,138,127
2019/08/27 07:15,122,139
2019/08/27 07:30,123,128
2019/08/27 07:45,129,125
2019/08/27 08:00,142,149
2019/08/27 08:15,145,149
2019/08/27 08:30,154,141
2019/08/27 08:45,158,156
2019/08/27 09:00,170,162
2019/08/27 09:15,166,176
2019/08/27 09:30,174,167
2019/08/27 09:45,161,168
2019/08/27 10:00,182,182
2019/08/27 10:15,199,190
2019/08/27 10:30,197,199
2019/08/27 10:45,189,199
2019/08/27 11:00,216,211
2019/08/27 11:15,213,219
2019/08/27 11:30,211,219
2019/08/27 11:45,211,210
2019/08/27 12:00,226,227
2019/08/27 12:15,233,237
2019/08/27 12:30,224,239
2019/08/27 12:45,231,228
2019/08/27 13:00,205,210
2019/08/27 13:15,209,205
2019/08/27 13:30,211,201
2019/08/27 13:45,213,205
2019/08/27 14:00,195,193
2019/08/27 14:15,197,194
2019/08/27 14:30,199,187
2019/08/27 14:45,188,187
2019/08/27 15:00,162,176
2019/08/27 15:15,162,178
2019/08/27 15:30,179,160
2019/08/27 15:45,178,175
2019/08/27 16:00,152,147
2019/08/27 16:15,144,151
2019/08/27 16:30,157,158
2019/08/27 16:45,154,156
2019/08/27 17:00,134,120
2019/08/27 17:15,134,128
2019/08/27 17:30,133,121
2019/08/27 17:45,123,125
2019/08/27 18:00,108,119
2019/08/27 18:15,111,108
2019/08/27 18:30,116,107
2019/08/27 18:45,110,107
2019/08/27 19:00,92,82
2019/08/27 19:15,92,91
2019/08/27 19:30,80,86
2019/08/27 19:45,93,91
2019/08/27 20:00,60,78
2019/08/27 20:15,66,79
2019/08/27 20:30,79,75
2019/08/27 20:45,66,79
2019/08/27 21:00,49,46
2019/08/27 21:15,49,58
2019/08/27 21:30,41,46
2019/08/27 21:45,47,47
2019/08/27 22:00,20,36
2019/08/27 22:15,33,22
2019/08/27 22:30,33,20
2019/08/27 22:45,27,20
2019/08/27 23:00,5,4
2019/08/27 23:15,16,2
2019/08/27 23:30,8,1
2019/08/27 23:45,19,0
